time,posX,posY,score
2.128998,-0.4602787,0,1
3.348058,-2.172949,0,2
4.359684,1.826363,0,3
5.412776,1.892329,0,4
